{"coco/bbox_mAP": 0.632, "coco/bbox_mAP_50": 0.998, "coco/bbox_mAP_75": 0.772, "coco/bbox_mAP_s": -1.0, "coco/bbox_mAP_m": 0.617, "coco/bbox_mAP_l": 0.722, "data_time": 0.098769211769104, "time": 0.13511791229248046}